Date,Ratio,hA
1988-08-07, 4.68,4.68
1988-08-14, 4.90,4.79
1988-08-21, 5.13,4.90
1988-08-28, 5.05,4.94
1988-09-04, 5.29,5.01
1988-09-11, 5.54,5.10
1988-09-18, 5.92,5.22
1988-09-25, 6.07,5.32
1988-10-02, 6.20,5.42
1988-10-09, 6.63,5.54
1988-10-16, 7.14,5.69
1988-10-23, 7.20,5.81
1988-10-30, 7.08,5.91
1988-11-06, 6.80,5.97
1988-11-13, 6.94,6.04
1988-11-20, 7.52,6.13
1988-11-27, 7.40,6.21
1988-12-04, 8.14,6.31
1988-12-11, 7.77,6.39
1988-12-18, 8.24,6.48
1988-12-25, 8.34,6.57
1989-01-01, 8.19,6.64
1989-01-08, 8.55,6.73
1989-01-15, 8.41,6.80
1989-01-22, 8.65,6.87
1989-01-29, 7.64,6.90
1989-02-05, 7.71,6.93
1989-02-12, 7.55,6.95
1989-02-19, 7.92,6.99
1989-02-26, 8.81,7.05
1989-03-05, 8.32,7.09
1989-03-12, 8.00,7.12
1989-03-19, 7.90,7.14
1989-03-26, 7.70,7.16
1989-04-02, 7.81,7.18
1989-04-09, 8.48,7.21
1989-04-16, 8.05,7.23
1989-04-23, 8.25,7.26
1989-04-30, 7.74,7.27
1989-05-07, 7.38,7.28
1989-05-14, 7.22,7.27
1989-05-21, 6.84,7.26
1989-05-28, 6.78,7.25
1989-06-04, 6.96,7.25
1989-06-11, 7.03,7.24
1989-06-18, 6.49,7.23
1989-06-25, 6.38,7.21
1989-07-02, 6.06,7.18
1989-07-09, 6.35,7.17
1989-07-16, 6.55,7.15
1989-07-23, 6.77,7.15
1989-07-30, 6.92,7.14
1989-08-06, 7.23,7.14
1989-08-13, 7.61,7.15
1989-08-20, 8.55,7.18
1989-08-27, 8.16,7.20
1989-09-03, 8.00,7.21
1989-09-10, 8.48,7.23
1989-09-17, 8.27,7.25
1989-09-24, 7.74,7.26
1989-10-01, 8.26,7.27
1989-10-08, 8.12,7.29
1989-10-15, 7.52,7.29
1989-10-22, 6.86,7.28
1989-10-29, 6.72,7.28
1989-11-05, 6.67,7.27
1989-11-12, 6.23,7.25
1989-11-19, 5.77,7.23
1989-11-26, 5.81,7.21
1989-12-03, 5.66,7.19
1989-12-10, 5.61,7.16
1989-12-17, 5.85,7.15
1989-12-24, 5.84,7.13
1989-12-31, 5.96,7.11
1990-01-07, 5.68,7.09
1990-01-14, 5.42,7.07
1990-01-21, 5.26,7.05
1990-01-28, 5.31,7.03
1990-02-04, 5.41,7.00
1990-02-11, 5.95,6.99
1990-02-18, 6.13,6.98
1990-02-25, 6.54,6.98
1990-03-04, 6.69,6.97
1990-03-11, 7.15,6.97
1990-03-18, 7.31,6.98
1990-03-25, 7.54,6.98
1990-04-01, 7.19,6.99
1990-04-08, 6.98,6.99
1990-04-15, 6.92,6.99
1990-04-22, 7.09,6.99
1990-04-29, 7.05,6.99
1990-05-06, 7.46,6.99
1990-05-13, 7.14,6.99
1990-05-20, 7.17,7.00
1990-05-27, 6.98,7.00
1990-06-03, 7.01,7.00
1990-06-10, 7.12,7.00
1990-06-17, 7.05,7.00
1990-06-24, 7.10,7.00
1990-07-01, 7.29,7.00
1990-07-08, 7.64,7.01
1990-07-15, 7.38,7.01
1990-07-22, 7.58,7.02
1990-07-29, 7.35,7.02
1990-08-05, 7.34,7.02
1990-08-12, 7.19,7.03
1990-08-19, 6.85,7.02
1990-08-26, 7.48,7.03
1990-09-02, 7.65,7.03
1990-09-09, 7.62,7.04
1990-09-16, 7.28,7.04
1990-09-23, 6.92,7.04
1990-09-30, 7.33,7.04
1990-10-07, 7.09,7.04
1990-10-14, 7.48,7.05
1990-10-21, 7.54,7.05
1990-10-28, 6.80,7.05
1990-11-04, 6.63,7.05
1990-11-11, 6.93,7.04
1990-11-18, 6.77,7.04
1990-11-25, 6.38,7.04
1990-12-02, 6.54,7.03
1990-12-09, 6.49,7.03
1990-12-16, 6.48,7.02
1990-12-23, 6.47,7.02
1990-12-30, 6.67,7.02
1991-01-06, 6.42,7.01
1991-01-13, 6.43,7.01
1991-01-20, 6.10,7.00
1991-01-27, 6.45,7.00
1991-02-03, 6.56,6.99
1991-02-10, 6.74,6.99
1991-02-17, 6.91,6.99
1991-02-24, 6.82,6.99
1991-03-03, 6.65,6.99
1991-03-10, 6.51,6.98
1991-03-17, 6.54,6.98
1991-03-24, 6.56,6.98
1991-03-31, 6.60,6.97
1991-04-07, 6.59,6.97
1991-04-14, 6.82,6.97
1991-04-21, 6.65,6.97
1991-04-28, 6.42,6.96
1991-05-05, 6.38,6.96
1991-05-12, 6.16,6.95
1991-05-19, 6.22,6.95
1991-05-26, 5.89,6.94
1991-06-02, 5.98,6.94
1991-06-09, 5.92,6.93
1991-06-16, 6.06,6.92
1991-06-23, 6.04,6.92
1991-06-30, 6.04,6.91
1991-07-07, 5.89,6.91
1991-07-14, 5.91,6.90
1991-07-21, 6.04,6.89
1991-07-28, 6.20,6.89
1991-08-04, 6.31,6.88
1991-08-11, 6.13,6.88
1991-08-18, 6.31,6.88
1991-08-25, 6.59,6.87
1991-09-01, 6.72,6.87
1991-09-08, 6.81,6.87
1991-09-15, 6.95,6.87
1991-09-22, 6.89,6.87
1991-09-29, 6.59,6.87
1991-10-06, 6.55,6.87
1991-10-13, 6.46,6.87
1991-10-20, 6.46,6.87
1991-10-27, 6.59,6.86
1991-11-03, 6.57,6.86
1991-11-10, 6.54,6.86
1991-11-17, 6.16,6.86
1991-11-24, 6.14,6.85
1991-12-01, 5.89,6.85
1991-12-08, 5.99,6.84
1991-12-15, 5.94,6.84
1991-12-22, 6.11,6.83
1991-12-29, 5.99,6.83
1992-01-05, 5.82,6.82
1992-01-12, 6.01,6.82
1992-01-19, 6.11,6.81
1992-01-26, 6.05,6.81
1992-02-02, 6.11,6.81
1992-02-09, 6.37,6.80
1992-02-16, 6.33,6.80
1992-02-23, 6.42,6.80
1992-03-01, 6.37,6.80
1992-03-08, 6.42,6.79
1992-03-15, 6.57,6.79
1992-03-22, 6.50,6.79
1992-03-29, 6.63,6.79
1992-04-05, 6.44,6.79
1992-04-12, 6.46,6.79
1992-04-19, 6.54,6.79
1992-04-26, 6.44,6.78
1992-05-03, 6.60,6.78
1992-05-10, 6.52,6.78
1992-05-17, 6.60,6.78
1992-05-24, 6.61,6.78
1992-05-31, 6.78,6.78
1992-06-07, 6.65,6.78
1992-06-14, 6.76,6.78
1992-06-21, 6.89,6.78
1992-06-28, 7.08,6.78
1992-07-05, 7.16,6.78
1992-07-12, 7.09,6.78
1992-07-19, 7.05,6.79
1992-07-26, 6.91,6.79
1992-08-02, 7.12,6.79
1992-08-09, 7.29,6.79
1992-08-16, 7.36,6.79
1992-08-23, 7.11,6.79
1992-08-30, 7.17,6.80
1992-09-06, 6.84,6.80
1992-09-13, 6.76,6.80
1992-09-20, 6.67,6.80
1992-09-27, 6.35,6.79
1992-10-04, 6.33,6.79
1992-10-11, 6.38,6.79
1992-10-18, 6.30,6.79
1992-10-25, 6.54,6.79
1992-11-01, 6.28,6.78
1992-11-08, 6.19,6.78
1992-11-15, 6.25,6.78
1992-11-22, 6.31,6.78
1992-11-29, 6.35,6.78
1992-12-06, 6.41,6.77
1992-12-13, 6.49,6.77
1992-12-20, 6.61,6.77
1992-12-27, 6.80,6.77
1993-01-03, 7.14,6.77
1993-01-10, 6.61,6.77
1993-01-17, 6.62,6.77
1993-01-24, 6.56,6.77
1993-01-31, 6.66,6.77
1993-02-07, 6.56,6.77
1993-02-14, 6.57,6.77
1993-02-21, 6.37,6.77
1993-02-28, 6.32,6.77
1993-03-07, 6.57,6.76
1993-03-14, 6.44,6.76
1993-03-21, 6.32,6.76
1993-03-28, 6.12,6.76
1993-04-04, 5.79,6.75
1993-04-11, 5.43,6.75
1993-04-18, 5.40,6.74
1993-04-25, 5.17,6.74
1993-05-02, 4.74,6.73
1993-05-09, 4.74,6.72
1993-05-16, 4.77,6.71
1993-05-23, 4.62,6.71
1993-05-30, 4.74,6.70
1993-06-06, 4.96,6.69
1993-06-13, 4.97,6.68
1993-06-20, 4.88,6.68
1993-06-27, 4.97,6.67
1993-07-04, 4.90,6.66
1993-07-11, 4.76,6.66
1993-07-18, 4.80,6.65
1993-07-25, 4.75,6.64
1993-08-01, 4.99,6.64
1993-08-08, 5.01,6.63
1993-08-15, 5.04,6.62
1993-08-22, 5.11,6.62
1993-08-29, 5.22,6.61
1993-09-05, 5.20,6.61
1993-09-12, 4.90,6.60
1993-09-19, 4.81,6.59
1993-09-26, 4.64,6.59
1993-10-03, 4.57,6.58
1993-10-10, 4.51,6.57
1993-10-17, 4.31,6.56
1993-10-24, 4.36,6.55
1993-10-31, 4.38,6.55
1993-11-07, 4.39,6.54
1993-11-14, 4.32,6.53
1993-11-21, 4.33,6.52
1993-11-28, 4.43,6.52
1993-12-05, 4.57,6.51
1993-12-12, 4.54,6.50
1993-12-19, 4.61,6.49
1993-12-26, 4.67,6.49
1994-01-02, 4.45,6.48
1994-01-09, 4.78,6.48
1994-01-16, 4.93,6.47
1994-01-23, 5.00,6.46
1994-01-30, 5.07,6.46
1994-02-06, 4.89,6.45
1994-02-13, 4.99,6.45
1994-02-20, 4.97,6.44
1994-02-27, 5.21,6.44
1994-03-06, 5.19,6.44
1994-03-13, 5.26,6.43
1994-03-20, 5.14,6.43
1994-03-27, 4.86,6.42
1994-04-03, 4.95,6.42
1994-04-10, 5.08,6.41
1994-04-17, 5.31,6.41
1994-04-24, 5.33,6.40
1994-05-01, 5.49,6.40
1994-05-08, 5.94,6.40
1994-05-15, 5.87,6.40
1994-05-22, 5.85,6.40
1994-05-29, 5.96,6.40
1994-06-05, 6.27,6.39
1994-06-12, 6.38,6.39
1994-06-19, 6.29,6.39
1994-06-26, 6.28,6.39
1994-07-03, 6.25,6.39
1994-07-10, 6.39,6.39
1994-07-17, 6.51,6.39
1994-07-24, 6.39,6.39
1994-07-31, 6.22,6.39
1994-08-07, 6.35,6.39
1994-08-14, 6.26,6.39
1994-08-21, 6.42,6.39
1994-08-28, 6.60,6.39
1994-09-04, 6.67,6.39
1994-09-11, 6.90,6.40
1994-09-18, 7.10,6.40
1994-09-25, 6.33,6.40
1994-10-02, 6.57,6.40
1994-10-09, 6.66,6.40
1994-10-16, 6.67,6.40
1994-10-23, 7.05,6.40
1994-10-30, 7.35,6.41
1994-11-06, 7.16,6.41
1994-11-13, 7.75,6.41
1994-11-20, 7.42,6.41
1994-11-27, 8.13,6.42
1994-12-04, 7.88,6.42
1994-12-11, 8.07,6.43
1994-12-18, 7.87,6.43
1994-12-25, 8.06,6.44
1995-01-01, 8.14,6.44
1995-01-08, 8.12,6.45
1995-01-15, 8.21,6.45
1995-01-22, 8.19,6.46
1995-01-29, 7.72,6.46
1995-02-05, 8.03,6.47
1995-02-12, 7.85,6.47
1995-02-19, 7.81,6.48
1995-02-26, 7.99,6.48
1995-03-05, 7.96,6.48
1995-03-12, 8.00,6.49
1995-03-19, 8.22,6.49
1995-03-26, 7.83,6.50
1995-04-02, 7.76,6.50
1995-04-09, 7.72,6.50
1995-04-16, 7.49,6.51
1995-04-23, 7.34,6.51
1995-04-30, 6.98,6.51
1995-05-07, 7.25,6.51
1995-05-14, 7.35,6.52
1995-05-21, 7.61,6.52
1995-05-28, 7.72,6.52
1995-06-04, 7.65,6.52
1995-06-11, 7.95,6.53
1995-06-18, 8.05,6.53
1995-06-25, 7.93,6.54
1995-07-02, 7.90,6.54
1995-07-09, 8.16,6.55
1995-07-16, 7.65,6.55
1995-07-23, 7.77,6.55
1995-07-30, 8.00,6.56
1995-08-06, 7.84,6.56
1995-08-13, 8.12,6.56
1995-08-20, 7.90,6.57
1995-08-27, 7.70,6.57
1995-09-03, 7.60,6.57
1995-09-10, 7.38,6.58
1995-09-17, 7.69,6.58
1995-09-24, 7.62,6.58
1995-10-01, 7.40,6.58
1995-10-08, 7.36,6.59
1995-10-15, 7.33,6.59
1995-10-22, 7.31,6.59
1995-10-29, 7.82,6.59
1995-11-05, 7.87,6.60
1995-11-12, 7.86,6.60
1995-11-19, 7.97,6.60
1995-11-26, 7.53,6.60
1995-12-03, 7.54,6.61
1995-12-10, 7.58,6.61
1995-12-17, 7.37,6.61
1995-12-24, 7.16,6.61
1995-12-31, 6.92,6.61
1996-01-07, 6.38,6.61
1996-01-14, 6.36,6.61
1996-01-21, 6.35,6.61
1996-01-28, 6.25,6.61
1996-02-04, 6.40,6.61
1996-02-11, 6.16,6.61
1996-02-18, 6.56,6.61
1996-02-25, 6.51,6.61
1996-03-03, 6.70,6.61
1996-03-10, 6.58,6.61
1996-03-17, 6.42,6.61
1996-03-24, 6.49,6.61
1996-03-31, 6.31,6.61
1996-04-07, 6.65,6.61
1996-04-14, 6.98,6.61
1996-04-21, 7.16,6.61
1996-04-28, 7.01,6.61
1996-05-05, 7.26,6.61
1996-05-12, 6.76,6.61
1996-05-19, 6.71,6.61
1996-05-26, 6.66,6.61
1996-06-02, 6.59,6.61
1996-06-09, 5.72,6.61
1996-06-16, 6.04,6.61
1996-06-23, 5.31,6.61
1996-06-30, 5.14,6.60
1996-07-07, 5.10,6.60
1996-07-14, 5.03,6.60
1996-07-21, 5.40,6.59
1996-07-28, 5.21,6.59
1996-08-04, 5.23,6.59
1996-08-11, 5.16,6.58
1996-08-18, 5.22,6.58
1996-08-25, 5.49,6.58
1996-09-01, 5.17,6.57
1996-09-08, 5.06,6.57
1996-09-15, 5.14,6.57
1996-09-22, 5.33,6.56
1996-09-29, 5.24,6.56
1996-10-06, 5.37,6.56
1996-10-13, 5.45,6.56
1996-10-20, 5.81,6.55
1996-10-27, 5.44,6.55
1996-11-03, 5.55,6.55
1996-11-10, 5.85,6.55
1996-11-17, 6.12,6.55
1996-11-24, 6.51,6.55
1996-12-01, 6.25,6.55
1996-12-08, 6.12,6.54
1996-12-15, 6.11,6.54
1996-12-22, 6.07,6.54
1996-12-29, 6.38,6.54
1997-01-05, 6.65,6.54
1997-01-12, 6.70,6.54
1997-01-19, 6.92,6.54
1997-01-26, 6.76,6.54
1997-02-02, 6.97,6.54
1997-02-09, 6.88,6.55
1997-02-16, 7.08,6.55
1997-02-23, 6.86,6.55
1997-03-02, 7.26,6.55
1997-03-09, 7.09,6.55
1997-03-16, 7.37,6.55
1997-03-23, 7.08,6.55
1997-03-30, 6.93,6.55
1997-04-06, 6.84,6.55
1997-04-13, 6.91,6.56
1997-04-20, 7.37,6.56
1997-04-27, 7.22,6.56
1997-05-04, 7.09,6.56
1997-05-11, 7.48,6.56
1997-05-18, 7.61,6.56
1997-05-25, 7.57,6.57
1997-06-01, 7.50,6.57
1997-06-08, 7.76,6.57
1997-06-15, 7.72,6.57
1997-06-22, 7.43,6.58
1997-06-29, 7.70,6.58
1997-07-06, 7.39,6.58
1997-07-13, 7.34,6.58
1997-07-20, 7.69,6.58
1997-07-27, 7.24,6.58
1997-08-03, 7.14,6.59
1997-08-10, 6.71,6.59
1997-08-17, 6.74,6.59
1997-08-24, 6.72,6.59
1997-08-31, 6.66,6.59
1997-09-07, 6.38,6.59
1997-09-14, 6.50,6.59
1997-09-21, 6.31,6.59
1997-09-28, 6.10,6.58
1997-10-05, 6.23,6.58
1997-10-12, 6.42,6.58
1997-10-19, 6.47,6.58
1997-10-26, 6.41,6.58
1997-11-02, 6.29,6.58
1997-11-09, 6.44,6.58
1997-11-16, 6.03,6.58
1997-11-23, 6.23,6.58
1997-11-30, 6.07,6.58
1997-12-07, 6.25,6.58
1997-12-14, 6.04,6.58
1997-12-21, 5.76,6.58
1997-12-28, 5.81,6.57
1998-01-04, 5.86,6.57
1998-01-11, 5.78,6.57
1998-01-18, 5.75,6.57
1998-01-25, 5.72,6.57
1998-02-01, 5.60,6.57
1998-02-08, 5.54,6.56
1998-02-15, 5.46,6.56
1998-02-22, 5.58,6.56
1998-03-01, 5.92,6.56
1998-03-08, 6.12,6.56
1998-03-15, 5.97,6.56
1998-03-22, 5.72,6.55
1998-03-29, 5.41,6.55
1998-04-05, 5.77,6.55
1998-04-12, 5.99,6.55
1998-04-19, 5.88,6.55
1998-04-26, 6.15,6.55
1998-05-03, 5.78,6.55
1998-05-10, 5.68,6.54
1998-05-17, 5.56,6.54
1998-05-24, 5.80,6.54
1998-05-31, 5.70,6.54
1998-06-07, 5.79,6.54
1998-06-14, 5.55,6.54
1998-06-21, 5.52,6.53
1998-06-28, 5.42,6.53
1998-07-05, 5.44,6.53
1998-07-12, 5.71,6.53
1998-07-19, 6.06,6.53
1998-07-26, 5.88,6.53
1998-08-02, 5.69,6.52
1998-08-09, 5.63,6.52
1998-08-16, 5.65,6.52
1998-08-23, 5.80,6.52
1998-08-30, 5.77,6.52
1998-09-06, 5.75,6.52
1998-09-13, 5.64,6.52
1998-09-20, 5.68,6.51
1998-09-27, 5.28,6.51
1998-10-04, 5.36,6.51
1998-10-11, 5.46,6.51
1998-10-18, 5.44,6.51
1998-10-25, 5.43,6.50
1998-11-01, 5.46,6.50
1998-11-08, 5.26,6.50
1998-11-15, 5.36,6.50
1998-11-22, 5.22,6.49
1998-11-29, 5.06,6.49
1998-12-06, 4.94,6.49
1998-12-13, 4.95,6.49
1998-12-20, 4.96,6.48
1998-12-27, 5.06,6.48
1999-01-03, 4.93,6.48
1999-01-10, 5.04,6.48
1999-01-17, 5.01,6.47
1999-01-24, 4.93,6.47
1999-01-31, 5.04,6.47
1999-02-07, 4.95,6.46
1999-02-14, 4.69,6.46
1999-02-21, 4.77,6.46
1999-02-28, 4.78,6.45
1999-03-07, 4.65,6.45
1999-03-14, 4.75,6.45
1999-03-21, 5.07,6.45
1999-03-28, 4.90,6.44
1999-04-04, 5.02,6.44
1999-04-11, 5.31,6.44
1999-04-18, 5.40,6.44
1999-04-25, 5.50,6.44
1999-05-02, 5.56,6.43
1999-05-09, 5.69,6.43
1999-05-16, 5.36,6.43
1999-05-23, 5.08,6.43
1999-05-30, 5.11,6.43
1999-06-06, 5.41,6.42
1999-06-13, 5.51,6.42
1999-06-20, 5.83,6.42
1999-06-27, 6.31,6.42
1999-07-04, 6.60,6.42
1999-07-11, 6.73,6.42
1999-07-18, 6.41,6.42
1999-07-25, 6.49,6.42
1999-08-01, 6.61,6.42
1999-08-08, 6.50,6.42
1999-08-15, 6.30,6.42
1999-08-22, 6.52,6.42
1999-08-29, 6.88,6.42
1999-09-05, 7.02,6.42
1999-09-12, 7.20,6.43
1999-09-19, 6.51,6.43
1999-09-26, 5.85,6.42
1999-10-03, 5.22,6.42
1999-10-10, 5.47,6.42
1999-10-17, 5.92,6.42
1999-10-24, 5.90,6.42
1999-10-31, 6.05,6.42
1999-11-07, 5.81,6.42
1999-11-14, 5.84,6.42
1999-11-21, 5.79,6.42
1999-11-28, 6.27,6.42
1999-12-05, 6.18,6.42
1999-12-12, 6.45,6.42
1999-12-19, 6.42,6.42
1999-12-26, 6.50,6.42
2000-01-02, 6.60,6.42
2000-01-09, 6.63,6.42
2000-01-16, 6.59,6.42
2000-01-23, 6.45,6.42
2000-01-30, 5.84,6.42
2000-02-06, 5.96,6.41
2000-02-13, 5.98,6.41
2000-02-20, 6.11,6.41
2000-02-27, 6.03,6.41
2000-03-05, 5.95,6.41
2000-03-12, 6.23,6.41
2000-03-19, 6.21,6.41
2000-03-26, 6.32,6.41
2000-04-02, 6.02,6.41
2000-04-09, 5.85,6.41
2000-04-16, 6.03,6.41
2000-04-23, 6.36,6.41
2000-04-30, 6.62,6.41
2000-05-07, 6.70,6.41
2000-05-14, 6.74,6.41
2000-05-21, 6.72,6.41
2000-05-28, 6.16,6.41
2000-06-04, 6.17,6.41
2000-06-11, 6.26,6.41
2000-06-18, 6.30,6.41
2000-06-25, 6.19,6.41
2000-07-02, 6.26,6.41
2000-07-09, 6.44,6.41
2000-07-16, 6.78,6.41
2000-07-23, 6.86,6.41
2000-07-30, 7.03,6.41
2000-08-06, 6.86,6.41
2000-08-13, 6.87,6.41
2000-08-20, 6.93,6.41
2000-08-27, 7.06,6.41
2000-09-03, 7.34,6.42
2000-09-10, 7.43,6.42
2000-09-17, 7.44,6.42
2000-09-24, 7.36,6.42
2000-10-01, 7.39,6.42
2000-10-08, 7.18,6.42
2000-10-15, 6.98,6.42
2000-10-22, 7.01,6.43
2000-10-29, 6.95,6.43
2000-11-05, 6.96,6.43
2000-11-12, 6.81,6.43
2000-11-19, 6.77,6.43
2000-11-26, 7.04,6.43
2000-12-03, 7.17,6.43
2000-12-10, 7.10,6.43
2000-12-17, 6.91,6.43
2000-12-24, 6.85,6.43
2000-12-31, 6.83,6.43
2001-01-07, 7.04,6.43
2001-01-14, 7.10,6.44
2001-01-21, 7.02,6.44
2001-01-28, 6.95,6.44
2001-02-04, 6.94,6.44
2001-02-11, 7.03,6.44
2001-02-18, 6.70,6.44
2001-02-25, 6.92,6.44
2001-03-04, 6.71,6.44
2001-03-11, 6.67,6.44
2001-03-18, 6.56,6.44
2001-03-25, 6.47,6.44
2001-04-01, 6.31,6.44
2001-04-08, 6.46,6.44
2001-04-15, 6.42,6.44
2001-04-22, 6.33,6.44
2001-04-29, 6.41,6.44
2001-05-06, 6.20,6.44
2001-05-13, 5.97,6.44
2001-05-20, 6.22,6.44
2001-05-27, 6.18,6.44
2001-06-03, 5.86,6.44
2001-06-10, 5.82,6.44
2001-06-17, 5.76,6.44
2001-06-24, 5.73,6.43
2001-07-01, 5.82,6.43
2001-07-08, 5.77,6.43
2001-07-15, 5.66,6.43
2001-07-22, 5.55,6.43
2001-07-29, 5.53,6.43
2001-08-05, 5.29,6.43
2001-08-12, 5.39,6.43
2001-08-19, 5.51,6.42
2001-08-26, 5.44,6.42
2001-09-02, 5.25,6.42
2001-09-09, 4.98,6.42
2001-09-16, 4.95,6.42
2001-09-23, 4.86,6.41
2001-09-30, 4.79,6.41
2001-10-07, 4.90,6.41
2001-10-14, 4.88,6.41
2001-10-21, 4.99,6.41
2001-10-28, 4.81,6.40
2001-11-04, 5.06,6.40
2001-11-11, 5.45,6.40
2001-11-18, 5.44,6.40
2001-11-25, 5.80,6.40
2001-12-02, 5.43,6.40
2001-12-09, 5.31,6.40
2001-12-16, 5.35,6.39
2001-12-23, 5.34,6.39
2001-12-30, 5.29,6.39
2002-01-06, 5.39,6.39
2002-01-13, 5.40,6.39
2002-01-20, 5.59,6.39
2002-01-27, 5.65,6.39
2002-02-03, 5.31,6.38
2002-02-10, 5.40,6.38
2002-02-17, 5.24,6.38
2002-02-24, 5.37,6.38
2002-03-03, 5.66,6.38
2002-03-10, 5.66,6.38
2002-03-17, 5.51,6.38
2002-03-24, 5.53,6.38
2002-03-31, 5.29,6.37
2002-04-07, 5.21,6.37
2002-04-14, 5.33,6.37
2002-04-21, 5.19,6.37
2002-04-28, 5.07,6.37
2002-05-05, 5.19,6.37
2002-05-12, 5.13,6.36
2002-05-19, 5.05,6.36
2002-05-26, 5.13,6.36
2002-06-02, 5.27,6.36
2002-06-09, 5.26,6.36
2002-06-16, 5.03,6.36
2002-06-23, 5.38,6.35
2002-06-30, 5.30,6.35
2002-07-07, 5.16,6.35
2002-07-14, 4.86,6.35
2002-07-21, 4.98,6.35
2002-07-28, 4.87,6.34
2002-08-04, 4.73,6.34
2002-08-11, 4.73,6.34
2002-08-18, 4.91,6.34
2002-08-25, 4.84,6.34
2002-09-01, 4.64,6.33
2002-09-08, 4.81,6.33
2002-09-15, 4.61,6.33
2002-09-22, 4.54,6.33
2002-09-29, 4.48,6.32
2002-10-06, 4.72,6.32
2002-10-13, 4.84,6.32
2002-10-20, 4.99,6.32
2002-10-27, 5.00,6.32
2002-11-03, 4.89,6.32
2002-11-10, 4.92,6.31
2002-11-17, 5.05,6.31
2002-11-24, 5.11,6.31
2002-12-01, 5.00,6.31
2002-12-08, 4.78,6.31
2002-12-15, 4.59,6.30
2002-12-22, 4.41,6.30
2002-12-29, 4.55,6.30
2003-01-05, 4.59,6.30
2003-01-12, 4.65,6.29
2003-01-19, 4.57,6.29
2003-01-26, 4.72,6.29
2003-02-02, 4.53,6.29
2003-02-09, 4.72,6.29
2003-02-16, 4.85,6.28
2003-02-23, 4.87,6.28
2003-03-02, 4.80,6.28
2003-03-09, 4.90,6.28
2003-03-16, 5.23,6.28
2003-03-23, 4.82,6.28
2003-03-30, 4.84,6.27
2003-04-06, 4.86,6.27
2003-04-13, 4.95,6.27
2003-04-20, 4.72,6.27
2003-04-27, 4.61,6.27
2003-05-04, 4.63,6.26
2003-05-11, 4.70,6.26
2003-05-18, 4.56,6.26
2003-05-25, 4.71,6.26
2003-06-01, 4.72,6.26
2003-06-08, 4.69,6.25
2003-06-15, 4.77,6.25
2003-06-22, 4.82,6.25
2003-06-29, 4.68,6.25
2003-07-06, 4.95,6.25
2003-07-13, 4.96,6.24
2003-07-20, 4.82,6.24
2003-07-27, 5.19,6.24
2003-08-03, 4.93,6.24
2003-08-10, 4.79,6.24
2003-08-17, 4.86,6.24
2003-08-24, 4.70,6.23
2003-08-31, 4.82,6.23
2003-09-07, 4.74,6.23
2003-09-14, 4.75,6.23
2003-09-21, 4.72,6.23
2003-09-28, 4.97,6.22
2003-10-05, 5.07,6.22
2003-10-12, 5.28,6.22
2003-10-19, 5.03,6.22
2003-10-26, 5.36,6.22
2003-11-02, 5.41,6.22
2003-11-09, 5.26,6.22
2003-11-16, 4.96,6.22
2003-11-23, 5.03,6.21
2003-11-30, 5.25,6.21
2003-12-07, 5.30,6.21
2003-12-14, 5.52,6.21
2003-12-21, 5.47,6.21
2003-12-28, 5.52,6.21
2004-01-04, 5.67,6.21
2004-01-11, 5.90,6.21
2004-01-18, 6.05,6.21
2004-01-25, 6.25,6.21
2004-02-01, 6.43,6.21
2004-02-08, 6.67,6.21
2004-02-15, 7.24,6.21
2004-02-22, 7.45,6.21
2004-02-29, 7.34,6.21
2004-03-07, 7.29,6.21
2004-03-14, 7.35,6.22
2004-03-21, 7.05,6.22
2004-03-28, 7.06,6.22
2004-04-04, 6.87,6.22
2004-04-11, 7.41,6.22
2004-04-18, 6.92,6.22
2004-04-25, 6.88,6.22
2004-05-02, 6.92,6.22
2004-05-09, 6.86,6.22
2004-05-16, 6.98,6.22
2004-05-23, 7.14,6.23
2004-05-30, 6.94,6.23
2004-06-06, 6.70,6.23
2004-06-13, 6.65,6.23
2004-06-20, 6.61,6.23
2004-06-27, 6.74,6.23
2004-07-04, 6.92,6.23
2004-07-11, 7.10,6.23
2004-07-18, 7.03,6.23
2004-07-25, 7.36,6.23
2004-08-01, 7.05,6.23
2004-08-08, 7.29,6.23
2004-08-15, 6.77,6.24
2004-08-22, 6.88,6.24
2004-08-29, 6.81,6.24
2004-09-05, 7.01,6.24
2004-09-12, 7.06,6.24
2004-09-19, 7.34,6.24
2004-09-26, 7.38,6.24
2004-10-03, 7.66,6.24
2004-10-10, 6.91,6.24
2004-10-17, 6.79,6.24
2004-10-24, 6.92,6.25
2004-10-31, 7.00,6.25
2004-11-07, 7.17,6.25
2004-11-14, 7.30,6.25
2004-11-21, 7.29,6.25
2004-11-28, 6.92,6.25
2004-12-05, 7.10,6.25
2004-12-12, 7.33,6.25
2004-12-19, 7.38,6.25
2004-12-26, 7.48,6.26
2005-01-02, 7.43,6.26
2005-01-09, 7.46,6.26
2005-01-16, 7.61,6.26
2005-01-23, 7.55,6.26
2005-01-30, 7.54,6.26
2005-02-06, 7.68,6.26
2005-02-13, 7.70,6.27
2005-02-20, 7.53,6.27
2005-02-27, 7.56,6.27
2005-03-06, 7.30,6.27
2005-03-13, 7.55,6.27
2005-03-20, 7.56,6.27
2005-03-27, 7.71,6.27
2005-04-03, 7.85,6.28
2005-04-10, 7.57,6.28
2005-04-17, 7.61,6.28
2005-04-24, 7.55,6.28
2005-05-01, 7.60,6.28
2005-05-08, 7.46,6.28
2005-05-15, 7.77,6.29
2005-05-22, 7.79,6.29
2005-05-29, 8.28,6.29
2005-06-05, 8.40,6.29
2005-06-12, 8.48,6.29
2005-06-19, 8.37,6.30
2005-06-26, 7.90,6.30
2005-07-03, 8.45,6.30
2005-07-10, 8.52,6.30
2005-07-17, 8.57,6.31
2005-07-24, 8.64,6.31
2005-07-31, 8.50,6.31
2005-08-07, 8.58,6.31
2005-08-14, 8.65,6.32
2005-08-21, 8.90,6.32
2005-08-28, 8.65,6.32
2005-09-04, 8.25,6.32
2005-09-11, 8.01,6.33
2005-09-18, 8.53,6.33
2005-09-25, 8.45,6.33
2005-10-02, 8.81,6.33
2005-10-09, 8.70,6.34
2005-10-16, 9.08,6.34
2005-10-23, 8.82,6.34
2005-10-30, 9.32,6.35
2005-11-06, 9.39,6.35
2005-11-13, 9.51,6.35
2005-11-20, 9.57,6.36
2005-11-27, 9.41,6.36
2005-12-04, 9.10,6.36
2005-12-11, 9.48,6.37
2005-12-18, 9.76,6.37
2005-12-25, 9.20,6.37
2006-01-01, 8.78,6.38
2006-01-08, 8.58,6.38
2006-01-15, 8.47,6.38
2006-01-22, 9.04,6.38
2006-01-29, 8.99,6.39
2006-02-05, 8.90,6.39
2006-02-12, 8.81,6.39
2006-02-19, 8.68,6.39
2006-02-26, 8.82,6.40
2006-03-05, 9.03,6.40
2006-03-12, 9.41,6.40
2006-03-19, 9.48,6.41
2006-03-26, 9.41,6.41
2006-04-02, 9.99,6.41
2006-04-09, 10.6,6.42
2006-04-16, 11.3,6.42
2006-04-23, 11.3,6.43
2006-04-30, 11.6,6.43
2006-05-07, 12.3,6.44
2006-05-14, 12.2,6.45
2006-05-21, 13.6,6.45
2006-05-28, 12.7,6.46
2006-06-04, 12.2,6.47
2006-06-11, 12.9,6.47
2006-06-18, 12.6,6.48
2006-06-25, 12.4,6.49
2006-07-02, 12.7,6.49
2006-07-09, 12.6,6.50
2006-07-16, 12.1,6.51
2006-07-23, 12.4,6.51
2006-07-30, 12.5,6.52
2006-08-06, 12.2,6.52
2006-08-13, 12.4,6.53
2006-08-20, 12.2,6.54
2006-08-27, 12.2,6.54
2006-09-03, 12.9,6.55
2006-09-10, 12.7,6.56
2006-09-17, 12.8,6.56
2006-09-24, 12.7,6.57
2006-10-01, 13.0,6.58
2006-10-08, 12.7,6.58
2006-10-15, 12.8,6.59
2006-10-22, 12.5,6.59
2006-10-29, 11.6,6.60
2006-11-05, 10.8,6.60
2006-11-12, 10.8,6.61
2006-11-19, 10.9,6.61
2006-11-26, 10.7,6.62
2006-12-03, 10.9,6.62
2006-12-10, 10.7,6.63
2006-12-17, 10.1,6.63
2006-12-24, 9.88,6.63
2006-12-31, 9.17,6.64
2007-01-07, 9.12,6.64
2007-01-14, 8.66,6.64
2007-01-21, 8.95,6.64
2007-01-28, 8.20,6.64
2007-02-04, 8.26,6.65
2007-02-11, 8.68,6.65
2007-02-18, 9.14,6.65
2007-02-25, 9.24,6.65
2007-03-04, 9.40,6.66
2007-03-11, 10.1,6.66
2007-03-18, 10.3,6.66
2007-03-25, 10.4,6.67
2007-04-01, 11.0,6.67
2007-04-08, 11.3,6.68
2007-04-15, 11.5,6.68
2007-04-22, 11.4,6.69
2007-04-29, 12.0,6.69
2007-05-06, 11.8,6.70
2007-05-13, 11.1,6.70
2007-05-20, 11.2,6.71
2007-05-27, 11.2,6.71
2007-06-03, 11.1,6.72
2007-06-10, 11.5,6.72
2007-06-17, 11.4,6.73
2007-06-24, 11.7,6.73
2007-07-01, 12.2,6.74
2007-07-08, 11.9,6.74
2007-07-15, 12.1,6.75
2007-07-22, 11.8,6.75
2007-07-29, 11.4,6.76
2007-08-05, 11.1,6.76
2007-08-12, 10.6,6.76
2007-08-19, 11.1,6.77
2007-08-26, 11.2,6.77
2007-09-02, 10.2,6.78
2007-09-09, 10.5,6.78
2007-09-16, 10.7,6.78
2007-09-23, 10.8,6.79
2007-09-30, 11.0,6.79
2007-10-07, 10.7,6.80
2007-10-14, 10.2,6.80
2007-10-21, 9.91,6.80
2007-10-28, 9.06,6.81
2007-11-04, 8.31,6.81
2007-11-11, 8.84,6.81
2007-11-18, 7.97,6.81
2007-11-25, 8.88,6.81
2007-12-02, 8.57,6.81
2007-12-09, 8.14,6.82
2007-12-16, 8.39,6.82
2007-12-23, 8.01,6.82
2007-12-30, 8.01,6.82
2008-01-06, 8.06,6.82
2008-01-13, 8.05,6.82
2008-01-20, 7.67,6.82
2008-01-27, 7.89,6.82
2008-02-03, 8.47,6.82
2008-02-10, 8.58,6.83
2008-02-17, 8.82,6.83
2008-02-24, 8.72,6.83
2008-03-02, 8.90,6.83
2008-03-09, 8.48,6.83
2008-03-16, 8.64,6.84
2008-03-23, 9.12,6.84
2008-03-30, 9.63,6.84
2008-04-06, 9.47,6.84
2008-04-13, 9.45,6.85
2008-04-20, 9.82,6.85
2008-04-27, 9.91,6.85
2008-05-04, 9.33,6.85
2008-05-11, 9.41,6.86
2008-05-18, 8.93,6.86
2008-05-25, 9.00,6.86
2008-06-01, 8.90,6.86
2008-06-08, 9.09,6.86
2008-06-15, 9.35,6.87
2008-06-22, 9.19,6.87
2008-06-29, 9.36,6.87
2008-07-06, 8.61,6.87
2008-07-13, 8.47,6.88
2008-07-20, 8.79,6.88
2008-07-27, 8.78,6.88
2008-08-03, 8.72,6.88
2008-08-10, 9.35,6.88
2008-08-17, 9.33,6.89
2008-08-24, 9.10,6.89
2008-08-31, 8.61,6.89
2008-09-07, 9.29,6.89
2008-09-14, 8.14,6.89
2008-09-21, 7.67,6.89
2008-09-28, 7.18,6.89
2008-10-05, 5.55,6.89
2008-10-12, 6.11,6.89
2008-10-19, 5.05,6.89
2008-10-26, 5.66,6.89
2008-11-02, 5.08,6.89
2008-11-09, 5.04,6.89
2008-11-16, 4.37,6.88
2008-11-23, 4.37,6.88
2008-11-30, 3.97,6.88
2008-12-07, 3.78,6.87
2008-12-14, 3.43,6.87
2008-12-21, 3.22,6.87
2008-12-28, 3.61,6.86
2009-01-04, 3.98,6.86
2009-01-11, 3.97,6.86
2009-01-18, 3.58,6.86
2009-01-25, 3.47,6.85
2009-02-01, 3.91,6.85
2009-02-08, 3.59,6.85
2009-02-15, 3.11,6.84
2009-02-22, 3.57,6.84
2009-03-01, 3.93,6.84
2009-03-08, 3.93,6.84
2009-03-15, 4.12,6.83
2009-03-22, 4.37,6.83
2009-03-29, 4.91,6.83
2009-04-05, 5.16,6.83
2009-04-12, 5.61,6.83
2009-04-19, 4.99,6.82
2009-04-26, 5.21,6.82
2009-05-03, 5.17,6.82
2009-05-10, 4.79,6.82
2009-05-17, 4.83,6.82
2009-05-24, 4.94,6.82
2009-05-31, 5.22,6.81
2009-06-07, 5.54,6.81
2009-06-14, 5.28,6.81
2009-06-21, 5.36,6.81
2009-06-28, 5.41,6.81
2009-07-05, 5.31,6.81
2009-07-12, 5.67,6.81
2009-07-19, 5.81,6.81
2009-07-26, 6.03,6.81
2009-08-02, 6.39,6.80
2009-08-09, 6.58,6.80
2009-08-16, 6.64,6.80
2009-08-23, 6.72,6.80
2009-08-30, 6.29,6.80
2009-09-06, 6.19,6.80
2009-09-13, 6.04,6.80
2009-09-20, 6.07,6.80
2009-09-27, 5.86,6.80
2009-10-04, 5.94,6.80
2009-10-11, 5.94,6.80
2009-10-18, 6.30,6.80
2009-10-25, 6.24,6.80
2009-11-01, 5.92,6.80
2009-11-08, 5.85,6.80
2009-11-15, 5.96,6.80
2009-11-22, 5.80,6.80
2009-11-29, 6.05,6.79
2009-12-06, 6.11,6.79
2009-12-13, 6.18,6.79
2009-12-20, 6.52,6.79
2009-12-27, 6.69,6.79
2010-01-03, 6.55,6.79
2010-01-10, 6.53,6.79
2010-01-17, 6.74,6.79
2010-01-24, 6.19,6.79
2010-01-31, 5.97,6.79
2010-02-07, 6.22,6.79
2010-02-14, 6.59,6.79
2010-02-21, 6.43,6.79
2010-02-28, 6.60,6.79
2010-03-07, 6.73,6.79
2010-03-14, 6.69,6.79
2010-03-21, 6.76,6.79
2010-03-28, 6.99,6.79
2010-04-04, 6.79,6.79
2010-04-11, 6.80,6.79
2010-04-18, 6.70,6.79
2010-04-25, 6.22,6.79
2010-05-02, 5.69,6.79
2010-05-09, 5.60,6.79
2010-05-16, 5.71,6.79
2010-05-23, 5.62,6.79
2010-05-30, 5.09,6.78
2010-06-06, 5.19,6.78
2010-06-13, 5.04,6.78
2010-06-20, 5.42,6.78
2010-06-27, 5.29,6.78
2010-07-04, 5.54,6.78
2010-07-11, 5.41,6.78
2010-07-18, 5.90,6.78
2010-07-25, 6.16,6.78
2010-08-01, 6.11,6.77
2010-08-08, 5.89,6.77
2010-08-15, 5.90,6.77
2010-08-22, 5.99,6.77
2010-08-29, 6.15,6.77
2010-09-05, 6.01,6.77
2010-09-12, 6.06,6.77
2010-09-19, 6.13,6.77
2010-09-26, 6.16,6.77
2010-10-03, 6.17,6.77
2010-10-10, 6.15,6.77
2010-10-17, 6.30,6.77
2010-10-24, 6.05,6.77
2010-10-31, 6.21,6.77
2010-11-07, 6.27,6.77
2010-11-14, 6.24,6.77
2010-11-21, 6.06,6.77
2010-11-28, 6.25,6.77
2010-12-05, 6.52,6.76
2010-12-12, 6.63,6.76
2010-12-19, 6.78,6.76
2010-12-26, 6.87,6.76
2011-01-02, 6.87,6.77
2011-01-09, 7.12,6.77
2011-01-16, 7.05,6.77
2011-01-23, 7.16,6.77
2011-01-30, 7.46,6.77
2011-02-06, 7.33,6.77
2011-02-13, 7.10,6.77
2011-02-20, 6.93,6.77
2011-02-27, 6.89,6.77
2011-03-06, 6.49,6.77
2011-03-13, 6.73,6.77
2011-03-20, 6.80,6.77
2011-03-27, 6.55,6.77
2011-04-03, 6.71,6.77
2011-04-10, 6.30,6.77
2011-04-17, 6.44,6.77
2011-04-24, 5.89,6.77
2011-05-01, 5.85,6.76
2011-05-08, 5.86,6.76
2011-05-15, 6.01,6.76
2011-05-22, 5.98,6.76
2011-05-29, 5.89,6.76
2011-06-05, 5.83,6.76
2011-06-12, 5.87,6.76
2011-06-19, 6.01,6.76
2011-06-26, 6.37,6.76
2011-07-03, 6.28,6.76
2011-07-10, 6.10,6.76
2011-07-17, 6.05,6.76
2011-07-24, 6.04,6.76
2011-07-31, 5.49,6.76
2011-08-07, 5.07,6.75
2011-08-14, 4.74,6.75
2011-08-21, 5.03,6.75
2011-08-28, 4.82,6.75
2011-09-04, 4.72,6.75
2011-09-11, 4.76,6.75
2011-09-18, 4.40,6.74
2011-09-25, 4.27,6.74
2011-10-02, 4.40,6.74
2011-10-09, 4.45,6.74
2011-10-16, 4.33,6.74
2011-10-23, 4.66,6.74
2011-10-30, 4.47,6.73
2011-11-06, 4.26,6.73
2011-11-13, 4.34,6.73
2011-11-20, 4.27,6.73
2011-11-27, 4.50,6.73
2011-12-04, 4.56,6.72
2011-12-11, 4.58,6.72
2011-12-18, 4.75,6.72
2011-12-25, 4.82,6.72
2012-01-01, 4.67,6.72
2012-01-08, 4.90,6.72
2012-01-15, 4.95,6.71
2012-01-22, 4.93,6.71
2012-01-29, 4.93,6.71
2012-02-05, 4.93,6.71
2012-02-12, 4.73,6.71
2012-02-19, 4.79,6.71
2012-02-26, 5.02,6.71
2012-03-04, 4.95,6.70
2012-03-11, 5.15,6.70
2012-03-18, 5.04,6.70
2012-03-25, 5.04,6.70
2012-04-01, 5.12,6.70
2012-04-08, 4.80,6.70
2012-04-15, 4.95,6.70
2012-04-22, 5.05,6.69
2012-04-29, 4.98,6.69
2012-05-06, 5.07,6.69
2012-05-13, 4.80,6.69
2012-05-20, 4.84,6.69
2012-05-27, 4.49,6.69
2012-06-03, 4.54,6.69
2012-06-10, 4.58,6.68
2012-06-17, 4.64,6.68
2012-06-24, 4.79,6.68
2012-07-01, 4.75,6.68
2012-07-08, 4.84,6.68
2012-07-15, 4.79,6.68
2012-07-22, 4.66,6.67
2012-07-29, 4.62,6.67
2012-08-05, 4.63,6.67
2012-08-12, 4.66,6.67
2012-08-19, 4.60,6.67
2012-08-26, 4.51,6.67
2012-09-02, 4.63,6.66
2012-09-09, 4.79,6.66
2012-09-16, 4.71,6.66
2012-09-23, 4.69,6.66
2012-09-30, 4.68,6.66
2012-10-07, 4.65,6.66
2012-10-14, 4.66,6.66
2012-10-21, 4.58,6.65
2012-10-28, 4.58,6.65
2012-11-04, 4.39,6.65
2012-11-11, 4.43,6.65
2012-11-18, 4.43,6.65
2012-11-25, 4.67,6.64
2012-12-02, 4.71,6.64
2012-12-09, 4.75,6.64
2012-12-16, 4.71,6.64
2012-12-23, 4.76,6.64
2012-12-30, 4.91,6.64
2013-01-06, 4.82,6.64
2013-01-13, 4.78,6.63
2013-01-20, 4.83,6.63
2013-01-27, 4.98,6.63
2013-02-03, 4.96,6.63
2013-02-10, 5.10,6.63
2013-02-17, 4.94,6.63
2013-02-24, 4.87,6.63
2013-03-03, 4.87,6.63
2013-03-10, 4.85,6.62
2013-03-17, 4.73,6.62
2013-03-24, 4.68,6.62
2013-03-31, 4.66,6.62
2013-04-07, 4.91,6.62
2013-04-14, 4.97,6.62
2013-04-21, 4.82,6.62
2013-04-28, 4.98,6.61
2013-05-05, 5.14,6.61
2013-05-12, 5.35,6.61
2013-05-19, 5.22,6.61
2013-05-26, 5.20,6.61
2013-06-02, 5.20,6.61
2013-06-09, 5.08,6.61
2013-06-16, 5.27,6.61
2013-06-23, 5.48,6.61
2013-06-30, 5.59,6.61
2013-07-07, 5.46,6.60
2013-07-14, 5.36,6.60
2013-07-21, 5.18,6.60
2013-07-28, 5.32,6.60
2013-08-04, 5.54,6.60
2013-08-11, 5.40,6.60
2013-08-18, 5.28,6.60
2013-08-25, 5.08,6.60
2013-09-01, 5.17,6.60
2013-09-08, 5.39,6.60
2013-09-15, 5.49,6.59
2013-09-22, 5.47,6.59
2013-09-29, 5.53,6.59
2013-10-06, 5.66,6.59
2013-10-13, 5.51,6.59
2013-10-20, 5.31,6.59
2013-10-27, 5.52,6.59
2013-11-03, 5.57,6.59
2013-11-10, 5.42,6.59
2013-11-17, 5.71,6.59
2013-11-24, 5.68,6.59
2013-12-01, 5.85,6.59
2013-12-08, 5.97,6.59
2013-12-15, 6.11,6.59
2013-12-22, 6.28,6.58
2013-12-29, 6.05,6.58
2014-01-05, 5.98,6.58
2014-01-12, 5.94,6.58
2014-01-19, 5.75,6.58
2014-01-26, 5.71,6.58
2014-02-02, 5.70,6.58
2014-02-09, 5.54,6.58
2014-02-16, 5.54,6.58
2014-02-23, 5.39,6.58
2014-03-02, 5.19,6.58
2014-03-09, 4.81,6.58
2014-03-16, 4.93,6.58
2014-03-23, 5.20,6.57
2014-03-30, 5.14,6.57
2014-04-06, 5.12,6.57
2014-04-13, 5.22,6.57
2014-04-20, 5.29,6.57
2014-04-27, 5.21,6.57
2014-05-04, 5.30,6.57
2014-05-11, 5.38,6.57
2014-05-18, 5.42,6.57
2014-05-25, 5.54,6.57
2014-06-01, 5.36,6.56
2014-06-08, 5.23,6.56
2014-06-15, 5.21,6.56
2014-06-22, 5.25,6.56
2014-06-29, 5.44,6.56
2014-07-06, 5.36,6.56
2014-07-13, 5.33,6.56
2014-07-20, 5.45,6.56
2014-07-27, 5.45,6.56
2014-08-03, 5.32,6.56
2014-08-10, 5.22,6.56
2014-08-17, 5.50,6.56
2014-08-24, 5.36,6.55
2014-08-31, 5.49,6.55
2014-09-07, 5.55,6.55
2014-09-14, 5.59,6.55
2014-09-21, 5.49,6.55
2014-09-28, 5.52,6.55
2014-10-05, 5.46,6.55
2014-10-12, 5.33,6.55
2014-10-19, 5.45,6.55
2014-10-26, 5.75,6.55
2014-11-02, 5.74,6.55
2014-11-09, 5.68,6.55
2014-11-16, 5.58,6.55
2014-11-23, 5.35,6.54
2014-11-30, 5.41,6.54
2014-12-07, 5.30,6.54
2014-12-14, 5.35,6.54
2014-12-21, 5.22,6.54
2014-12-28, 4.67,6.54
2015-01-04, 4.52,6.54
2015-01-11, 4.16,6.54
2015-01-18, 3.94,6.53
2015-01-25, 4.02,6.53
2015-02-01, 4.30,6.53
2015-02-08, 4.34,6.53
2015-02-15, 4.41,6.53
2015-02-22, 4.56,6.53
2015-03-01, 4.57,6.53
2015-03-08, 4.72,6.52
2015-03-15, 4.79,6.52
2015-03-22, 4.73,6.52
2015-03-29, 4.69,6.52
2015-04-05, 4.68,6.52
2015-04-12, 4.75,6.52
2015-04-19, 4.80,6.52
2015-04-26, 5.09,6.52
2015-05-03, 5.03,6.51
2015-05-10, 4.92,6.51
2015-05-17, 4.80,6.51
2015-05-24, 4.74,6.51
2015-05-31, 4.73,6.51
2015-06-07, 4.64,6.51
2015-06-14, 4.39,6.51
2015-06-21, 4.57,6.51
2015-06-28, 4.60,6.50
2015-07-05, 4.46,6.50
2015-07-12, 4.48,6.50
2015-07-19, 4.44,6.50
2015-07-26, 4.39,6.50
2015-08-02, 4.35,6.50
2015-08-09, 4.37,6.49
2015-08-16, 4.14,6.49
2015-08-23, 4.30,6.49
2015-08-30, 4.31,6.49
2015-09-06, 4.59,6.49
2015-09-13, 4.36,6.49
2015-09-20, 4.18,6.49
2015-09-27, 4.30,6.48
2015-10-04, 4.38,6.48
2015-10-11, 4.27,6.48
2015-10-18, 4.28,6.48
2015-10-25, 4.32,6.48
2015-11-01, 4.39,6.48
2015-11-08, 4.27,6.47
2015-11-15, 4.08,6.47
2015-11-22, 4.16,6.47
2015-11-29, 4.09,6.47
2015-12-06, 4.18,6.47
2015-12-13, 4.22,6.47
2015-12-20, 4.19,6.47
2015-12-27, 4.27,6.46
2016-01-03, 3.95,6.46
2016-01-10, 3.86,6.46
2016-01-17, 3.93,6.46
2016-01-24, 3.98,6.46
2016-01-31, 3.91,6.45
2016-02-07, 3.55,6.45
2016-02-14, 3.66,6.45
2016-02-21, 3.76,6.45
2016-02-28, 3.81,6.45
2016-03-06, 3.79,6.45
2016-03-13, 3.89,6.44
2016-03-20, 3.90,6.44
2016-03-27, 3.82,6.44
2016-04-03, 3.65,6.44
2016-04-10, 3.78,6.44
2016-04-17, 3.96,6.43
2016-04-24, 3.80,6.43
2016-05-01, 3.60,6.43
2016-05-08, 3.54,6.43
2016-05-15, 3.54,6.43
2016-05-22, 3.75,6.42
2016-05-29, 3.67,6.42
2016-06-05, 3.45,6.42
2016-06-12, 3.44,6.42
2016-06-19, 3.45,6.42
2016-06-26, 3.57,6.41
2016-07-03, 3.38,6.41
2016-07-10, 3.61,6.41
2016-07-17, 3.61,6.41
2016-07-24, 3.53,6.41
2016-07-31, 3.46,6.40
2016-08-07, 3.43,6.40
2016-08-14, 3.47,6.40
2016-08-21, 3.39,6.40
2016-08-28, 3.38,6.40
2016-09-04, 3.38,6.39
2016-09-11, 3.55,6.39
2016-09-18, 3.55,6.39
2016-09-25, 3.62,6.39
2016-10-02, 3.73,6.39
2016-10-09, 3.63,6.39
2016-10-16, 3.56,6.38
2016-10-23, 3.69,6.38
2016-10-30, 3.72,6.38
2016-11-06, 4.38,6.38
2016-11-13, 4.32,6.38
2016-11-20, 4.77,6.38
2016-11-27, 4.65,6.37
2016-12-04, 4.72,6.37
2016-12-11, 4.64,6.37
2016-12-18, 4.51,6.37
2016-12-25, 4.50,6.37
2017-01-01, 4.51,6.37
2017-01-08, 4.68,6.37
2017-01-15, 4.55,6.37
2017-01-22, 4.72,6.37
2017-01-29, 4.52,6.36
2017-02-05, 4.73,6.36
2017-02-12, 4.63,6.36
2017-02-19, 4.53,6.36
2017-02-26, 4.64,6.36
2017-03-05, 4.58,6.36
2017-03-12, 4.63,6.36
2017-03-19, 4.49,6.36
2017-03-26, 4.53,6.35
2017-04-02, 4.52,6.35
2017-04-09, 4.30,6.35
2017-04-16, 4.25,6.35
2017-04-23, 4.37,6.35
2017-04-30, 4.39,6.35
2017-05-07, 4.38,6.35
2017-05-14, 4.38,6.35
2017-05-21, 4.32,6.34
2017-05-28, 4.30,6.34
2017-06-04, 4.44,6.34
2017-06-11, 4.36,6.34
2017-06-18, 4.46,6.34
2017-06-25, 4.63,6.34
2017-07-02, 4.65,6.34
2017-07-09, 4.68,6.34
2017-07-16, 4.65,6.33
2017-07-23, 4.84,6.33
2017-07-30, 4.89,6.33
2017-08-06, 4.83,6.33
2017-08-13, 4.90,6.33
2017-08-20, 5.03,6.33
2017-08-27, 5.01,6.33
2017-09-03, 4.82,6.33
2017-09-10, 4.77,6.33
2017-09-17, 4.85,6.33
2017-09-24, 4.92,6.32
2017-10-01, 5.07,6.32
2017-10-08, 5.11,6.32
2017-10-15, 5.25,6.32
2017-10-22, 5.19,6.32
2017-10-29, 5.22,6.32
2017-11-05, 5.13,6.32
2017-11-12, 5.02,6.32
2017-11-19, 5.20,6.32
2017-11-26, 5.09,6.32
2017-12-03, 5.05,6.32
2017-12-10, 5.28,6.32
2017-12-17, 5.36,6.32
2017-12-24, 5.34,6.31
2017-12-31, 5.19,6.31
2018-01-07, 5.13,6.31
2018-01-14, 5.09,6.31
2018-01-21, 5.01,6.31
2018-01-28, 5.06,6.31
2018-02-04, 4.92,6.31
2018-02-11, 5.09,6.31
2018-02-18, 5.14,6.31
2018-02-25, 4.99,6.31
2018-03-04, 5.01,6.31
2018-03-11, 5.01,6.31
2018-03-18, 4.71,6.30
2018-03-25, 4.86,6.30
2018-04-01, 4.89,6.30
2018-04-08, 4.88,6.30
2018-04-15, 5.02,6.30
2018-04-22, 4.94,6.30
2018-04-29, 5.00,6.30
2018-05-06, 5.03,6.30
2018-05-13, 5.06,6.30
2018-05-20, 5.03,6.30
2018-05-27, 5.12,6.30
2018-06-03, 5.38,6.30
2018-06-10, 5.26,6.30
2018-06-17, 5.09,6.29
2018-06-24, 5.03,6.29
2018-07-01, 4.81,6.29
2018-07-08, 4.81,6.29
2018-07-15, 4.80,6.29
2018-07-22, 4.91,6.29
2018-07-29, 4.91,6.29
2018-08-05, 4.88,6.29
2018-08-12, 4.82,6.29
2018-08-19, 4.84,6.29
2018-08-26, 4.77,6.29
2018-09-02, 4.71,6.28
2018-09-09, 4.73,6.28
2018-09-16, 5.04,6.28
2018-09-23, 4.97,6.28
2018-09-30, 4.88,6.28
2018-10-07, 4.86,6.28
2018-10-14, 4.82,6.28
2018-10-21, 4.73,6.28
2018-10-28, 4.84,6.28
2018-11-04, 4.72,6.28
2018-11-11, 4.80,6.28
2018-11-18, 4.76,6.27
2018-11-25, 4.78,6.27
2018-12-02, 4.65,6.27
2018-12-09, 4.68,6.27
2018-12-16, 4.48,6.27
2018-12-23, 4.41,6.27
2018-12-30, 4.37,6.27
2019-01-06, 4.41,6.27
2019-01-13, 4.49,6.27
2019-01-20, 4.46,6.26
2019-01-27, 4.48,6.26
2019-02-03, 4.55,6.26
2019-02-10, 4.51,6.26
2019-02-17, 4.68,6.26
2019-02-24, 4.78,6.26
2019-03-03, 4.73,6.26
2019-03-10, 4.75,6.26
2019-03-17, 4.63,6.26
2019-03-24, 4.84,6.26
2019-03-31, 4.80,6.25
2019-04-07, 4.88,6.25
2019-04-14, 4.92,6.25
2019-04-21, 4.83,6.25
2019-04-28, 4.72,6.25
2019-05-05, 4.62,6.25
2019-05-12, 4.61,6.25
2019-05-19, 4.52,6.25
2019-05-26, 4.34,6.25
2019-06-02, 4.22,6.25
2019-06-09, 4.22,6.24
2019-06-16, 4.18,6.24
2019-06-23, 4.17,6.24
2019-06-30, 4.12,6.24
2019-07-07, 4.13,6.24
2019-07-14, 4.17,6.24
2019-07-21, 4.10,6.24
2019-07-28, 3.87,6.23
2019-08-04, 3.76,6.23
2019-08-11, 3.73,6.23
2019-08-18, 3.61,6.23
2019-08-25, 3.64,6.23
2019-09-01, 3.79,6.23
2019-09-08, 3.91,6.23
2019-09-15, 3.74,6.22
2019-09-22, 3.76,6.22
2019-09-29, 3.69,6.22
2019-10-06, 3.84,6.22
2019-10-13, 3.83,6.22
2019-10-20, 3.86,6.22
2019-10-27, 3.81,6.22
2019-11-03, 3.97,6.21
2019-11-10, 3.91,6.21
2019-11-17, 3.93,6.21
2019-11-24, 3.94,6.21
2019-12-01, 4.05,6.21
2019-12-08, 4.09,6.21
2019-12-15, 4.12,6.21
2019-12-22, 4.05,6.20
2019-12-29, 3.90,6.20
2020-01-05, 3.92,6.20
2020-01-12, 3.96,6.20
2020-01-19, 3.72,6.20
2020-01-26, 3.46,6.20
2020-02-02, 3.54,6.20
2020-02-09, 3.58,6.19
2020-02-16, 3.45,6.19
2020-02-23, 3.53,6.19
2020-03-01, 3.35,6.19
2020-03-08, 3.56,6.19
2020-03-15, 3.20,6.19
2020-03-22, 2.89,6.18
2020-03-29, 2.93,6.18
2020-04-05, 2.85,6.18
2020-04-12, 3.05,6.18
2020-04-19, 2.95,6.18
2020-04-26, 2.97,6.17
2020-05-03, 3.05,6.17
2020-05-10, 2.88,6.17
2020-05-17, 2.97,6.17
2020-05-24, 3.02,6.17
2020-05-31, 3.30,6.16
2020-06-07, 3.26,6.16
2020-06-14, 3.25,6.16
2020-06-21, 3.25,6.16
2020-06-28, 3.32,6.16
2020-07-05, 3.48,6.16
2020-07-12, 3.48,6.15
2020-07-19, 3.31,6.15
2020-07-26, 3.18,6.15
2020-08-02, 3.03,6.15
2020-08-09, 3.23,6.15
2020-08-16, 3.30,6.15
2020-08-23, 3.34,6.14
2020-08-30, 3.48,6.14
2020-09-06, 3.43,6.14
2020-09-13, 3.47,6.14
